sku,name_ar,name_en,description_ar,description_en,brand_slug,category_slug,base_price_egp,vat_exempt,authenticity,specs_json,status
HP-CE285A-COMP,خرطوشة تونر HP 85A أسود متوافقة,HP 85A Black Compatible Toner Cartridge,"تونر متوافق HP 85A للطابعات LaserJet Pro P1102, P1102w, M1132, M1212nf, M1217nfw. إنتاجية حتى 1,600 صفحة.","Compatible HP 85A toner for HP LaserJet Pro P1102, P1102w, M1132, M1212nf, M1217nfw. Up to 1,600 pages.",hp,toner-cartridges,260,FALSE,COMPATIBLE,"{""pageYield"": ""1,600 pages"", ""color"": ""Black"", ""partNumber"": ""CE285A"", ""compatiblePrinters"": ""LaserJet Pro P1102, P1102w, M1132, M1212nf, M1217nfw""}",ACTIVE
HP-CB435A-COMP,خرطوشة تونر HP 35A أسود متوافقة,HP 35A Black Compatible Toner Cartridge,"تونر متوافق HP 35A للطابعات LaserJet P1005, P1006. إنتاجية حتى 1,500 صفحة.","Compatible HP 35A toner for HP LaserJet P1005, P1006. Up to 1,500 pages.",hp,toner-cartridges,260,FALSE,COMPATIBLE,"{""pageYield"": ""1,500 pages"", ""color"": ""Black"", ""partNumber"": ""CB435A"", ""compatiblePrinters"": ""LaserJet P1005, P1006""}",ACTIVE
HP-CE278A-COMP,خرطوشة تونر HP 78A أسود متوافقة,HP 78A Black Compatible Toner Cartridge,"تونر متوافق HP 78A للطابعات LaserJet P1566, P1606dn, MFP M1536dnf. إنتاجية حتى 2,100 صفحة.","Compatible HP 78A toner for HP LaserJet P1566, P1606dn, MFP M1536dnf. Up to 2,100 pages.",hp,toner-cartridges,270,FALSE,COMPATIBLE,"{""pageYield"": ""2,100 pages"", ""color"": ""Black"", ""partNumber"": ""CE278A"", ""compatiblePrinters"": ""LaserJet P1566, P1606dn, MFP M1536dnf""}",ACTIVE
HP-CF279A-COMP,خرطوشة تونر HP 79A أسود متوافقة,HP 79A Black Compatible Toner Cartridge,"تونر متوافق HP 79A للطابعات LaserJet Pro M12a, M12w, MFP M26nw. إنتاجية حتى 1,000 صفحة.","Compatible HP 79A toner for HP LaserJet Pro M12a, M12w, MFP M26nw. Up to 1,000 pages.",hp,toner-cartridges,270,FALSE,COMPATIBLE,"{""pageYield"": ""1,000 pages"", ""color"": ""Black"", ""partNumber"": ""CF279A"", ""compatiblePrinters"": ""LaserJet Pro M12a, M12w, MFP M26nw""}",ACTIVE
HP-CF283A-COMP,خرطوشة تونر HP 83A أسود متوافقة,HP 83A Black Compatible Toner Cartridge,"تونر متوافق HP 83A للطابعات LaserJet Pro M125, M127fn, M201, M225. إنتاجية حتى 1,500 صفحة.","Compatible HP 83A toner for HP LaserJet Pro M125, M127fn, M201, M225. Up to 1,500 pages.",hp,toner-cartridges,260,FALSE,COMPATIBLE,"{""pageYield"": ""1,500 pages"", ""color"": ""Black"", ""partNumber"": ""CF283A"", ""compatiblePrinters"": ""LaserJet Pro M125, M127fn, M201, M225""}",ACTIVE
HP-W1106A-COMP,خرطوشة تونر HP 106A أسود متوافقة,HP 106A Black Compatible Toner Cartridge,"تونر متوافق HP 106A للطابعات HP Laser 107a, 107w, MFP 135a, 135w, 137fnw. إنتاجية حتى 1,000 صفحة.","Compatible HP 106A toner for HP HP Laser 107a, 107w, MFP 135a, 135w, 137fnw. Up to 1,000 pages.",hp,toner-cartridges,430,FALSE,COMPATIBLE,"{""pageYield"": ""1,000 pages"", ""color"": ""Black"", ""partNumber"": ""W1106A"", ""compatiblePrinters"": ""HP Laser 107a, 107w, MFP 135a, 135w, 137fnw""}",ACTIVE
HP-W1107A-COMP,خرطوشة تونر HP 107A أسود متوافقة,HP 107A Black Compatible Toner Cartridge,"تونر متوافق HP 107A للطابعات HP Laser 107a, 107w, MFP 135a, 135w, 137fnw. إنتاجية حتى 1,000 صفحة.","Compatible HP 107A toner for HP HP Laser 107a, 107w, MFP 135a, 135w, 137fnw. Up to 1,000 pages.",hp,toner-cartridges,460,FALSE,COMPATIBLE,"{""pageYield"": ""1,000 pages"", ""color"": ""Black"", ""partNumber"": ""W1107A"", ""compatiblePrinters"": ""HP Laser 107a, 107w, MFP 135a, 135w, 137fnw""}",ACTIVE
HP-CF244A-COMP,خرطوشة تونر HP 44A أسود متوافقة,HP 44A Black Compatible Toner Cartridge,"تونر متوافق HP 44A للطابعات LaserJet Pro M15a, M15w, MFP M28a, M28w. إنتاجية حتى 1,000 صفحة.","Compatible HP 44A toner for HP LaserJet Pro M15a, M15w, MFP M28a, M28w. Up to 1,000 pages.",hp,toner-cartridges,320,FALSE,COMPATIBLE,"{""pageYield"": ""1,000 pages"", ""color"": ""Black"", ""partNumber"": ""CF244A"", ""compatiblePrinters"": ""LaserJet Pro M15a, M15w, MFP M28a, M28w""}",ACTIVE
HP-Q2612A-COMP,خرطوشة تونر HP 12A أسود متوافقة,HP 12A Black Compatible Toner Cartridge,"تونر متوافق HP 12A للطابعات LaserJet 1010, 1018, 1020, 1022, 3050, M1005. إنتاجية حتى 2,000 صفحة.","Compatible HP 12A toner for HP LaserJet 1010, 1018, 1020, 1022, 3050, M1005. Up to 2,000 pages.",hp,toner-cartridges,300,FALSE,COMPATIBLE,"{""pageYield"": ""2,000 pages"", ""color"": ""Black"", ""partNumber"": ""Q2612A"", ""compatiblePrinters"": ""LaserJet 1010, 1018, 1020, 1022, 3050, M1005""}",ACTIVE
HP-CF226A-COMP,خرطوشة تونر HP 26A أسود متوافقة,HP 26A Black Compatible Toner Cartridge,"تونر متوافق HP 26A للطابعات LaserJet Pro M402, MFP M426. إنتاجية حتى 3,100 صفحة.","Compatible HP 26A toner for HP LaserJet Pro M402, MFP M426. Up to 3,100 pages.",hp,toner-cartridges,320,FALSE,COMPATIBLE,"{""pageYield"": ""3,100 pages"", ""color"": ""Black"", ""partNumber"": ""CF226A"", ""compatiblePrinters"": ""LaserJet Pro M402, MFP M426""}",ACTIVE
HP-CF217A-COMP,خرطوشة تونر HP 17A أسود متوافقة,HP 17A Black Compatible Toner Cartridge,"تونر متوافق HP 17A للطابعات LaserJet Pro M102a, M102w, MFP M130a, M130fn. إنتاجية حتى 1,600 صفحة.","Compatible HP 17A toner for HP LaserJet Pro M102a, M102w, MFP M130a, M130fn. Up to 1,600 pages.",hp,toner-cartridges,390,FALSE,COMPATIBLE,"{""pageYield"": ""1,600 pages"", ""color"": ""Black"", ""partNumber"": ""CF217A"", ""compatiblePrinters"": ""LaserJet Pro M102a, M102w, MFP M130a, M130fn""}",ACTIVE
HP-CE255A-COMP,خرطوشة تونر HP 55A أسود متوافقة,HP 55A Black Compatible Toner Cartridge,"تونر متوافق HP 55A للطابعات LaserJet P3015, MFP M521. إنتاجية حتى 6,000 صفحة.","Compatible HP 55A toner for HP LaserJet P3015, MFP M521. Up to 6,000 pages.",hp,toner-cartridges,630,FALSE,COMPATIBLE,"{""pageYield"": ""6,000 pages"", ""color"": ""Black"", ""partNumber"": ""CE255A"", ""compatiblePrinters"": ""LaserJet P3015, MFP M521""}",ACTIVE
HP-Q7551A-COMP,خرطوشة تونر HP 51A أسود متوافقة,HP 51A Black Compatible Toner Cartridge,"تونر متوافق HP 51A للطابعات LaserJet P3005, MFP M3027, M3035. إنتاجية حتى 6,500 صفحة.","Compatible HP 51A toner for HP LaserJet P3005, MFP M3027, M3035. Up to 6,500 pages.",hp,toner-cartridges,690,FALSE,COMPATIBLE,"{""pageYield"": ""6,500 pages"", ""color"": ""Black"", ""partNumber"": ""Q7551A"", ""compatiblePrinters"": ""LaserJet P3005, MFP M3027, M3035""}",ACTIVE
HP-CF214A-COMP,خرطوشة تونر HP 14A أسود متوافقة,HP 14A Black Compatible Toner Cartridge,"تونر متوافق HP 14A للطابعات LaserJet Enterprise 700 M712. إنتاجية حتى 10,000 صفحة.","Compatible HP 14A toner for HP LaserJet Enterprise 700 M712. Up to 10,000 pages.",hp,toner-cartridges,1040,FALSE,COMPATIBLE,"{""pageYield"": ""10,000 pages"", ""color"": ""Black"", ""partNumber"": ""CF214A"", ""compatiblePrinters"": ""LaserJet Enterprise 700 M712""}",ACTIVE
HP-Q6511A-COMP,خرطوشة تونر HP 11A أسود متوافقة,HP 11A Black Compatible Toner Cartridge,"تونر متوافق HP 11A للطابعات LaserJet 2410, 2420, 2430. إنتاجية حتى 6,000 صفحة.","Compatible HP 11A toner for HP LaserJet 2410, 2420, 2430. Up to 6,000 pages.",hp,toner-cartridges,800,FALSE,COMPATIBLE,"{""pageYield"": ""6,000 pages"", ""color"": ""Black"", ""partNumber"": ""Q6511A"", ""compatiblePrinters"": ""LaserJet 2410, 2420, 2430""}",ACTIVE
HP-Q7516A-COMP,خرطوشة تونر HP 16A أسود متوافقة,HP 16A Black Compatible Toner Cartridge,"تونر متوافق HP 16A للطابعات LaserJet 5200. إنتاجية حتى 12,000 صفحة.","Compatible HP 16A toner for HP LaserJet 5200. Up to 12,000 pages.",hp,toner-cartridges,1090,FALSE,COMPATIBLE,"{""pageYield"": ""12,000 pages"", ""color"": ""Black"", ""partNumber"": ""Q7516A"", ""compatiblePrinters"": ""LaserJet 5200""}",ACTIVE
HP-W1500A-COMP,خرطوشة تونر HP 150A أسود متوافقة,HP 150A Black Compatible Toner Cartridge,"تونر متوافق HP 150A للطابعات HP Laser 150a, 150nw, MFP 178nw, 179fnw. إنتاجية حتى 975 صفحة.","Compatible HP 150A toner for HP HP Laser 150a, 150nw, MFP 178nw, 179fnw. Up to 975 pages.",hp,toner-cartridges,520,FALSE,COMPATIBLE,"{""pageYield"": ""975 pages"", ""color"": ""Black"", ""partNumber"": ""W1500A"", ""compatiblePrinters"": ""HP Laser 150a, 150nw, MFP 178nw, 179fnw""}",ACTIVE
HP-W1510A-COMP,خرطوشة تونر HP 151A أسود متوافقة,HP 151A Black Compatible Toner Cartridge,"تونر متوافق HP 151A للطابعات HP Laser 150a, MFP 178nw, 179fnw. إنتاجية حتى 975 صفحة.","Compatible HP 151A toner for HP HP Laser 150a, MFP 178nw, 179fnw. Up to 975 pages.",hp,toner-cartridges,550,FALSE,COMPATIBLE,"{""pageYield"": ""975 pages"", ""color"": ""Black"", ""partNumber"": ""W1510A"", ""compatiblePrinters"": ""HP Laser 150a, MFP 178nw, 179fnw""}",ACTIVE
HP-CF230A-COMP,خرطوشة تونر HP 30A أسود متوافقة,HP 30A Black Compatible Toner Cartridge,"تونر متوافق HP 30A للطابعات LaserJet Pro M203, MFP M227. إنتاجية حتى 1,600 صفحة.","Compatible HP 30A toner for HP LaserJet Pro M203, MFP M227. Up to 1,600 pages.",hp,toner-cartridges,400,FALSE,COMPATIBLE,"{""pageYield"": ""1,600 pages"", ""color"": ""Black"", ""partNumber"": ""CF230A"", ""compatiblePrinters"": ""LaserJet Pro M203, MFP M227""}",ACTIVE
HP-CF248A-COMP,خرطوشة تونر HP 48A أسود متوافقة,HP 48A Black Compatible Toner Cartridge,"تونر متوافق HP 48A للطابعات LaserJet Pro M15a, M15w, MFP M28a, M28w. إنتاجية حتى 1,000 صفحة.","Compatible HP 48A toner for HP LaserJet Pro M15a, M15w, MFP M28a, M28w. Up to 1,000 pages.",hp,toner-cartridges,370,FALSE,COMPATIBLE,"{""pageYield"": ""1,000 pages"", ""color"": ""Black"", ""partNumber"": ""CF248A"", ""compatiblePrinters"": ""LaserJet Pro M15a, M15w, MFP M28a, M28w""}",ACTIVE
HP-CF289A-COMP,خرطوشة تونر HP 89A أسود متوافقة,HP 89A Black Compatible Toner Cartridge,"تونر متوافق HP 89A للطابعات LaserJet Enterprise M507, MFP M528. إنتاجية حتى 5,000 صفحة.","Compatible HP 89A toner for HP LaserJet Enterprise M507, MFP M528. Up to 5,000 pages.",hp,toner-cartridges,920,FALSE,COMPATIBLE,"{""pageYield"": ""5,000 pages"", ""color"": ""Black"", ""partNumber"": ""CF289A"", ""compatiblePrinters"": ""LaserJet Enterprise M507, MFP M528""}",ACTIVE
HP-CF287A-COMP,خرطوشة تونر HP 87A أسود متوافقة,HP 87A Black Compatible Toner Cartridge,"تونر متوافق HP 87A للطابعات LaserJet Enterprise M506, MFP M527. إنتاجية حتى 9,000 صفحة.","Compatible HP 87A toner for HP LaserJet Enterprise M506, MFP M527. Up to 9,000 pages.",hp,toner-cartridges,750,FALSE,COMPATIBLE,"{""pageYield"": ""9,000 pages"", ""color"": ""Black"", ""partNumber"": ""CF287A"", ""compatiblePrinters"": ""LaserJet Enterprise M506, MFP M527""}",ACTIVE
HP-CF259A-COMP,خرطوشة تونر HP 59A أسود متوافقة بشريحة,HP 59A Black Compatible Toner Cartridge with Chip,"تونر متوافق HP 59A مزود بشريحة للطابعات LaserJet Pro M304a, M404n, M404dn, MFP M428dw, M428fdn. إنتاجية حتى 3,000 صفحة.","Compatible HP 59A toner with chip for LaserJet Pro M304a, M404n, M404dn, MFP M428dw, M428fdn. Up to 3,000 pages.",hp,toner-cartridges,580,FALSE,COMPATIBLE,"{""pageYield"": ""3,000 pages"", ""color"": ""Black"", ""partNumber"": ""CF259A"", ""chip"": true, ""compatiblePrinters"": ""LaserJet Pro M304a, M404, MFP M428""}",ACTIVE
HP-CF219A-DRUM-COMP,وحدة أسطوانة HP 19A متوافقة,HP 19A Compatible Imaging Drum Unit,"وحدة أسطوانة تصوير متوافقة HP 19A للطابعات LaserJet Pro M102, MFP M130. إنتاجية حتى 12,000 صفحة.","Compatible HP 19A imaging drum for LaserJet Pro M102, MFP M130. Up to 12,000 pages.",hp,toner-cartridges,430,FALSE,COMPATIBLE,"{""pageYield"": ""12,000 pages"", ""type"": ""Imaging Drum"", ""partNumber"": ""CF219A"", ""compatiblePrinters"": ""LaserJet Pro M102, MFP M130""}",ACTIVE
HP-CF232A-DRUM-COMP,وحدة أسطوانة HP 32A متوافقة,HP 32A Compatible Imaging Drum Unit,"وحدة أسطوانة تصوير متوافقة HP 32A للطابعات LaserJet Pro M203, MFP M227. إنتاجية حتى 23,000 صفحة.","Compatible HP 32A imaging drum for LaserJet Pro M203, MFP M227. Up to 23,000 pages.",hp,toner-cartridges,460,FALSE,COMPATIBLE,"{""pageYield"": ""23,000 pages"", ""type"": ""Imaging Drum"", ""partNumber"": ""CF232A"", ""compatiblePrinters"": ""LaserJet Pro M203, MFP M227""}",ACTIVE
HP-CE505A-CF280A-COMP,خرطوشة تونر HP 05A / 80A أسود متوافقة,HP 05A / 80A Black Compatible Toner Cartridge,"تونر متوافق HP 05A للطابعات LaserJet P2035, P2055 أو HP 80A للطابعات LaserJet Pro M401, MFP M425. إنتاجية 2,300 إلى 2,700 صفحة.","Compatible HP 05A (CE505A) for LaserJet P2035, P2055 or HP 80A (CF280A) for LaserJet Pro M401, MFP M425. Yield 2,300-2,700 pages.",hp,toner-cartridges,330,FALSE,COMPATIBLE,"{""pageYield"": ""2,300-2,700 pages"", ""color"": ""Black"", ""partNumbers"": ""CE505A / CF280A"", ""compatiblePrinters"": ""LaserJet P2035, P2055, Pro M401, MFP M425""}",ACTIVE
CANON-CRG057-COMP,خرطوشة تونر Canon 057 أسود متوافقة,Canon 057 Black Compatible Toner Cartridge,"تونر متوافق Canon 057 للطابعات imageCLASS LBP223dw, LBP226dw, LBP228x, MF443dw, MF445dw, MF446x, MF449x. إنتاجية حتى 3,100 صفحة.","Compatible Canon 057 toner for imageCLASS LBP223dw, LBP226dw, MF443dw, MF445dw, MF446x. Up to 3,100 pages.",canon,toner-cartridges,580,FALSE,COMPATIBLE,"{""pageYield"": ""3,100 pages"", ""color"": ""Black"", ""partNumber"": ""3009C002"", ""compatiblePrinters"": ""LBP223dw, LBP226dw, MF443dw, MF446x""}",ACTIVE
CANON-CRG052-COMP,خرطوشة تونر Canon 052 أسود متوافقة,Canon 052 Black Compatible Toner Cartridge,"تونر متوافق Canon 052 للطابعات imageCLASS LBP212dw, LBP214dw, LBP215x, MF421dw, MF426dw, MF428x, MF429x. إنتاجية حتى 3,100 صفحة.","Compatible Canon 052 toner for imageCLASS LBP212dw, LBP214dw, LBP215x, MF421dw, MF426dw, MF428x. Up to 3,100 pages.",canon,toner-cartridges,490,FALSE,COMPATIBLE,"{""pageYield"": ""3,100 pages"", ""color"": ""Black"", ""partNumber"": ""2199C002"", ""compatiblePrinters"": ""LBP212dw, LBP214dw, LBP215x, MF421dw, MF428x""}",ACTIVE
HP-CF410A-SET-COMP,طقم تونر ملون HP 410A (CF) متوافق,HP 410A (CF) Compatible Color Toner Set,"طقم تونر ألوان متوافق HP 410A يشمل الأسود والسيان والماجنتا والأصفر للطابعات Color LaserJet Pro M452, MFP M477. إنتاجية الأسود حتى 2,300 صفحة.","Compatible HP 410A color toner set (CMYK) for Color LaserJet Pro M452, MFP M477. Black yield up to 2,300 pages.",hp,toner-cartridges,2880,FALSE,COMPATIBLE,"{""pageYield"": ""2,300 pages (Black)"", ""colors"": ""CMYK"", ""partNumbers"": ""CF410A/CF411A/CF412A/CF413A"", ""compatiblePrinters"": ""Color LaserJet Pro M452, MFP M477""}",ACTIVE
HP-CF410X-SET-COMP,طقم تونر ملون HP 410X (CE) متوافق,HP 410X (CE) Compatible Color Toner Set,"طقم تونر ألوان متوافق HP 410X يشمل الأسود والسيان والماجنتا والأصفر للطابعات Color LaserJet Pro M452, MFP M477. إنتاجية الأسود حتى 6,500 صفحة.","Compatible HP 410X color toner set (CMYK) for Color LaserJet Pro M452, MFP M477. Black yield up to 6,500 pages.",hp,toner-cartridges,3220,FALSE,COMPATIBLE,"{""pageYield"": ""6,500 pages (Black)"", ""colors"": ""CMYK"", ""partNumbers"": ""CF410X/CF411X/CF412X/CF413X (high yield)"", ""compatiblePrinters"": ""Color LaserJet Pro M452, MFP M477""}",ACTIVE
HP-W2030A-SET-COMP,طقم تونر ملون HP 415A متوافق,HP 415A Compatible Color Toner Set,"طقم تونر ألوان متوافق HP 415A يشمل الأسود والسيان والماجنتا والأصفر للطابعات Color LaserJet Pro M454, MFP M479. إنتاجية الأسود حتى 2,400 صفحة.","Compatible HP 415A color toner set (CMYK) for Color LaserJet Pro M454, MFP M479. Black yield up to 2,400 pages.",hp,toner-cartridges,3680,FALSE,COMPATIBLE,"{""pageYield"": ""2,400 pages (Black)"", ""colors"": ""CMYK"", ""partNumbers"": ""W2030A/W2031A/W2032A/W2033A"", ""compatiblePrinters"": ""Color LaserJet Pro M454, MFP M479""}",ACTIVE
HP-W2070A-SET-COMP,طقم تونر ملون HP 117A متوافق,HP 117A Compatible Color Toner Set,"طقم تونر ألوان متوافق HP 117A يشمل الأسود والسيان والماجنتا والأصفر للطابعات HP Color Laser 150a, MFP 178nw, 179fnw. إنتاجية الأسود حتى 1,000 صفحة.","Compatible HP 117A color toner set (CMYK) for HP Color Laser 150a, MFP 178nw, 179fnw. Black yield up to 1,000 pages.",hp,toner-cartridges,4020,FALSE,COMPATIBLE,"{""pageYield"": ""1,000 pages (Black)"", ""colors"": ""CMYK"", ""partNumbers"": ""W2070A/W2071A/W2072A/W2073A"", ""compatiblePrinters"": ""HP Color Laser 150a, MFP 178nw, 179fnw""}",ACTIVE
HP-W2210A-SET-COMP,طقم تونر ملون HP 207A متوافق,HP 207A Compatible Color Toner Set,"طقم تونر ألوان متوافق HP 207A يشمل الأسود والسيان والماجنتا والأصفر للطابعات Color LaserJet Pro M255, MFP M282, M283. إنتاجية الأسود حتى 1,350 صفحة.","Compatible HP 207A color toner set (CMYK) for Color LaserJet Pro M255, MFP M282, M283. Black yield up to 1,350 pages.",hp,toner-cartridges,4370,FALSE,COMPATIBLE,"{""pageYield"": ""1,350 pages (Black)"", ""colors"": ""CMYK"", ""partNumbers"": ""W2210A/W2211A/W2212A/W2213A"", ""compatiblePrinters"": ""Color LaserJet Pro M255, MFP M282, M283""}",ACTIVE
HP-953-OJ-SET-COMP,طقم أحبار HP 953 للطابعات OfficeJet متوافق,HP 953 Compatible Ink Set for HP OfficeJet,"طقم حبر متوافق HP 953 يشمل الأسود والسيان والماجنتا والأصفر لطابعات OfficeJet Pro 7720, 7730, 7740, 8210, 8710, 8720, 8730.","Compatible HP 953 ink set (CMYK) for HP OfficeJet Pro 7720, 7730, 7740, 8210, 8710, 8720, 8730.",hp,ink-cartridges,3740,FALSE,COMPATIBLE,"{""colors"": ""CMYK"", ""partNumbers"": ""F6U12AE/F6U13AE/F6U14AE/F6U15AE"", ""compatiblePrinters"": ""OfficeJet Pro 7720, 7730, 7740, 8210, 8710, 8720, 8730""}",ACTIVE
HP-935-OJ-SET-COMP,طقم أحبار HP 935 للطابعات OfficeJet متوافق,HP 935 Compatible Ink Set for HP OfficeJet,"طقم حبر متوافق HP 935 يشمل الأسود والسيان والماجنتا والأصفر لطابعات OfficeJet Pro 6230, 6820, 6830.","Compatible HP 935 ink set (CMYK) for HP OfficeJet Pro 6230, 6820, 6830.",hp,ink-cartridges,3450,FALSE,COMPATIBLE,"{""colors"": ""CMYK"", ""partNumbers"": ""C2P19AE/C2P20AE/C2P21AE/C2P22AE"", ""compatiblePrinters"": ""OfficeJet Pro 6230, 6820, 6830""}",ACTIVE
HP-932-OJ-SET-COMP,طقم أحبار HP 932/933 للطابعات OfficeJet متوافق,HP 932/933 Compatible Ink Set for HP OfficeJet,"طقم حبر متوافق HP 932/933 يشمل الأسود والسيان والماجنتا والأصفر لطابعات OfficeJet 6100, 6600, 6700, 7110, 7510, 7610, 7612.","Compatible HP 932/933 ink set (CMYK) for HP OfficeJet 6100, 6600, 6700, 7110, 7510, 7610, 7612.",hp,ink-cartridges,2880,FALSE,COMPATIBLE,"{""colors"": ""CMYK"", ""partNumbers"": ""CN057AE/CN058AE/CN059AE/CN060AE"", ""compatiblePrinters"": ""OfficeJet 6100, 6600, 6700, 7110, 7510, 7610, 7612""}",ACTIVE
HP-938-OJ-SET-COMP,طقم أحبار HP 938 للطابعات OfficeJet متوافق,HP 938 Compatible Ink Set for HP OfficeJet,"طقم حبر متوافق HP 938 يشمل الأسود والسيان والماجنتا والأصفر لطابعات OfficeJet Pro 9110b, 9120b, 9130b.","Compatible HP 938 ink set (CMYK) for HP OfficeJet Pro 9110b, 9120b, 9130b.",hp,ink-cartridges,3450,FALSE,COMPATIBLE,"{""colors"": ""CMYK"", ""partNumbers"": ""HP 938 series"", ""compatiblePrinters"": ""OfficeJet Pro 9110b, 9120b, 9130b""}",ACTIVE
HP-912-OJ-SET-COMP,طقم أحبار HP 912 للطابعات OfficeJet متوافق,HP 912 Compatible Ink Set for HP OfficeJet,"طقم حبر متوافق HP 912 يشمل الأسود والسيان والماجنتا والأصفر لطابعات OfficeJet 8010, 8012, 8013, 8014, 8015, 8022, 8023, 8024, 8025.","Compatible HP 912 ink set (CMYK) for HP OfficeJet 8010, 8012, 8013, 8014, 8015, 8022, 8023, 8024, 8025.",hp,ink-cartridges,4140,FALSE,COMPATIBLE,"{""colors"": ""CMYK"", ""partNumbers"": ""3YL77AE/3YL78AE/3YL79AE/3YL80AE"", ""compatiblePrinters"": ""OfficeJet 8010, 8012, 8013, 8014, 8015, 8022, 8023, 8024, 8025""}",ACTIVE
EPSON-T103-SET-COMP,طقم حبر Epson 103 متوافق,Epson 103 Compatible EcoTank Bottle Set,"طقم حبر Epson 103 EcoTank يشمل الأسود والسيان والماجنتا والأصفر للطابعات Epson L1110, L3100, L3110, L3150, L5190.","Compatible Epson 103 ink bottle set (CMYK) for EcoTank L1110, L3100, L3110, L3150, L5190.",epson,ink-cartridges,980,FALSE,COMPATIBLE,"{""colors"": ""CMYK"", ""partNumber"": ""T00S14A10"", ""compatiblePrinters"": ""Epson L1110, L3100, L3110, L3150, L5190"", ""type"": ""EcoTank Bottle Set""}",ACTIVE
BROTHER-BT60-BT5000-SET-COMP,طقم حبر Brother BTD60 / BT5000 متوافق,Brother BTD60 / BT5000 Compatible Ink Bottle Set,"طقم حبر Brother BTD60BK وBT5000 للطابعات DCP-T310, T510W, T710W, MFC-T910DW.","Compatible Brother BTD60BK/BT5000 ink set for DCP-T310, T510W, T710W, MFC-T910DW.",brother,ink-cartridges,1040,FALSE,COMPATIBLE,"{""colors"": ""CMYK"", ""partNumbers"": ""BTD60BK/BT5000C/BT5000M/BT5000Y"", ""compatiblePrinters"": ""Brother DCP-T310, T510W, T710W, MFC-T910DW"", ""type"": ""InkBenefit Tank""}",ACTIVE
CANON-PG490-CL491-SET-COMP,طقم حبر Canon PG-490 / CL-491 متوافق,Canon PG-490 / CL-491 Compatible Ink Cartridge Set,"طقم حبر Canon PG-490 وCL-491 للطابعات PIXMA E3140, E3340, E4240.","Compatible Canon PG-490 / CL-491 ink set for PIXMA E3140, E3340, E4240.",canon,ink-cartridges,800,FALSE,COMPATIBLE,"{""colors"": ""Black + Tri-color"", ""partNumbers"": ""PG-490 / CL-491"", ""compatiblePrinters"": ""PIXMA E3140, E3340, E4240""}",ACTIVE
HP-GT51-GT52-SET-COMP,طقم حبر HP GT51 / GT52 متوافق,HP GT51 / GT52 Compatible Ink Bottle Set,"طقم حبر HP GT51 وGT52 للطابعات HP Ink Tank 115, 315, 319, 415, 419.","Compatible HP GT51 / GT52 ink bottle set for HP Ink Tank 115, 315, 319, 415, 419.",hp,ink-cartridges,860,FALSE,COMPATIBLE,"{""colors"": ""CMYK"", ""partNumbers"": ""GT51XL / GT52"", ""compatiblePrinters"": ""HP Ink Tank 115, 315, 319, 415, 419"", ""type"": ""Bottle Set""}",ACTIVE
HP-123-SET-COMP,طقم حبر HP 123 متوافق,HP 123 Compatible Ink Cartridge Set,"طقم حبر HP 123 (أسود + ثلاثي الألوان) للطابعات DeskJet 1110, 2130, 3630, 3720.","Compatible HP 123 ink set (Black + Tri-color) for DeskJet 1110, 2130, 3630, 3720.",hp,ink-cartridges,1040,FALSE,COMPATIBLE,"{""colors"": ""Black + Tri-color"", ""partNumbers"": ""F6V16AE / F6V17AE"", ""compatiblePrinters"": ""DeskJet 1110, 2130, 3630, 3720""}",ACTIVE
HP-122-SET-COMP,طقم حبر HP 122 متوافق,HP 122 Compatible Ink Cartridge Set,"طقم حبر HP 122 (أسود + ثلاثي الألوان) للطابعات DeskJet 1000, 1050, 2000, 2050, 3000.","Compatible HP 122 ink set (Black + Tri-color) for DeskJet 1000, 1050, 2000, 2050, 3000.",hp,ink-cartridges,1040,FALSE,COMPATIBLE,"{""colors"": ""Black + Tri-color"", ""partNumbers"": ""CH561HE / CH562HE"", ""compatiblePrinters"": ""DeskJet 1000, 1050, 2000, 2050, 3000""}",ACTIVE
HP-650-SET-COMP,طقم حبر HP 650 متوافق,HP 650 Compatible Ink Cartridge Set,"طقم حبر HP 650 (أسود + ثلاثي الألوان) للطابعات DeskJet Ink Advantage 1015, 1515, 2515, 2545, 2645, 3515, 3545, 4515.","Compatible HP 650 ink set for DeskJet Ink Advantage 1015, 1515, 2515, 2545, 2645, 3515, 3545, 4515.",hp,ink-cartridges,920,FALSE,COMPATIBLE,"{""colors"": ""Black + Tri-color"", ""partNumbers"": ""CZ101AE / CZ102AE"", ""compatiblePrinters"": ""DeskJet Ink Advantage 1015, 1515, 2515, 2545, 2645, 3515, 3545, 4515""}",ACTIVE
HP-652-SET-COMP,طقم حبر HP 652 متوافق,HP 652 Compatible Ink Cartridge Set,"طقم حبر HP 652 (أسود + ثلاثي الألوان) للطابعات DeskJet Ink Advantage 1115, 2135, 3635, 3785, 3835, 4535.","Compatible HP 652 ink set for DeskJet Ink Advantage 1115, 2135, 3635, 3785, 3835, 4535.",hp,ink-cartridges,920,FALSE,COMPATIBLE,"{""colors"": ""Black + Tri-color"", ""partNumbers"": ""F6V25AE / F6V24AE"", ""compatiblePrinters"": ""DeskJet Ink Advantage 1115, 2135, 3635, 3785, 3835, 4535""}",ACTIVE
HP-651-SET-COMP,طقم حبر HP 651 متوافق,HP 651 Compatible Ink Cartridge Set,"طقم حبر HP 651 (أسود + ثلاثي الألوان) للطابعات DeskJet Ink Advantage 5575, 5645 وOfficeJet 202 mobile.","Compatible HP 651 ink set for DeskJet Ink Advantage 5575, 5645 and OfficeJet 202 Mobile.",hp,ink-cartridges,920,FALSE,COMPATIBLE,"{""colors"": ""Black + Tri-color"", ""partNumbers"": ""C2P10AE / C2P11AE"", ""compatiblePrinters"": ""DeskJet Ink Advantage 5575, 5645, OfficeJet 202""}",ACTIVE
HP-653-SET-COMP,طقم حبر HP 653 متوافق,HP 653 Compatible Ink Cartridge Set,"طقم حبر HP 653 (أسود + ثلاثي الألوان) للطابعات DeskJet Plus Ink Advantage 6075, 6475.","Compatible HP 653 ink set for DeskJet Plus Ink Advantage 6075, 6475.",hp,ink-cartridges,1040,FALSE,COMPATIBLE,"{""colors"": ""Black + Tri-color"", ""partNumbers"": ""3YM75AE / 3YM74AE"", ""compatiblePrinters"": ""DeskJet Plus Ink Advantage 6075, 6475""}",ACTIVE
HP-305-SET-COMP,طقم حبر HP 305 متوافق,HP 305 Compatible Ink Cartridge Set,"طقم حبر HP 305 (أسود + ثلاثي الألوان) للطابعات DeskJet 2710, 2720, 4110, 4120 وDeskJet Plus 6010, 6020.","Compatible HP 305 ink set for DeskJet 2710, 2720, 4110, 4120, DeskJet Plus 6010, 6020.",hp,ink-cartridges,750,FALSE,COMPATIBLE,"{""colors"": ""Black + Tri-color"", ""partNumbers"": ""3YM61AE / 3YM60AE"", ""compatiblePrinters"": ""DeskJet 2710, 2720, 4110, 4120, 6010, 6020""}",ACTIVE
CANON-PG445-CL446-SET-COMP,طقم حبر Canon PG-445 / CL-446 متوافق,Canon PG-445 / CL-446 Compatible Ink Cartridge Set,"طقم حبر Canon PG-445 وCL-446 للطابعات PIXMA MG2440, MG2540, MG2940, MX494.","Compatible Canon PG-445 / CL-446 ink set for PIXMA MG2440, MG2540, MG2940, MX494.",canon,ink-cartridges,860,FALSE,COMPATIBLE,"{""colors"": ""Black + Tri-color"", ""partNumbers"": ""PG-445 / CL-446"", ""compatiblePrinters"": ""PIXMA MG2440, MG2540, MG2940, MX494""}",ACTIVE
CANON-PG440-CL441-SET-COMP,طقم حبر Canon PG-440 / CL-441 متوافق,Canon PG-440 / CL-441 Compatible Ink Cartridge Set,"طقم حبر Canon PG-440 وCL-441 للطابعات PIXMA MG2140, MG3140, MG3240, MG3540, MX374, MX394, MX434, MX474, MX514.","Compatible Canon PG-440 / CL-441 ink set for PIXMA MG2140, MG3140, MG3540, MX374, MX394, MX434, MX474, MX514.",canon,ink-cartridges,920,FALSE,COMPATIBLE,"{""colors"": ""Black + Tri-color"", ""partNumbers"": ""PG-440 / CL-441"", ""compatiblePrinters"": ""PIXMA MG2140, MG3140, MG3540, MX374, MX394, MX434, MX474, MX514""}",ACTIVE
HP-130-INK-COMP,خرطوشة حبر HP 130 أسود متوافقة,HP 130 Black Compatible Ink Cartridge,"خرطوشة حبر أسود متوافقة HP 130 (C8767HE) للطابعات DeskJet 5740, 6520, 6540, 9800 وOfficeJet 7210.","Compatible HP 130 black ink cartridge (C8767HE) for DeskJet 5740, 6520, 6540, 9800, OfficeJet 7210.",hp,ink-cartridges,460,FALSE,COMPATIBLE,"{""color"": ""Black"", ""partNumber"": ""C8767HE"", ""compatiblePrinters"": ""DeskJet 5740, 6520, 6540, 9800, OfficeJet 7210""}",ACTIVE
HP-131-INK-COMP,خرطوشة حبر HP 131 أسود متوافقة,HP 131 Black Compatible Ink Cartridge,"خرطوشة حبر أسود متوافقة HP 131 (C8765HE) للطابعات DeskJet 5740, 5940, 6540, Photosmart 2575, 8050.","Compatible HP 131 black ink cartridge (C8765HE) for DeskJet 5740, 5940, 6540, Photosmart 2575, 8050.",hp,ink-cartridges,460,FALSE,COMPATIBLE,"{""color"": ""Black"", ""partNumber"": ""C8765HE"", ""compatiblePrinters"": ""DeskJet 5740, 5940, 6540, Photosmart 2575, 8050""}",ACTIVE
HP-132-INK-COMP,خرطوشة حبر HP 132 أسود متوافقة,HP 132 Black Compatible Ink Cartridge,"خرطوشة حبر أسود متوافقة HP 132 (C9362HE) للطابعات DeskJet 5440, D4163, Photosmart C3183, C4183.","Compatible HP 132 black ink cartridge (C9362HE) for DeskJet 5440, D4163, Photosmart C3183, C4183.",hp,ink-cartridges,460,FALSE,COMPATIBLE,"{""color"": ""Black"", ""partNumber"": ""C9362HE"", ""compatiblePrinters"": ""DeskJet 5440, D4163, Photosmart C3183, C4183""}",ACTIVE
HP-141-INK-COMP,خرطوشة حبر HP 141 ثلاثية الألوان متوافقة,HP 141 Tri-color Compatible Ink Cartridge,"خرطوشة حبر ثلاثية الألوان متوافقة HP 141 (CB337HE) للطابعات DeskJet D4263, D4363 وOfficeJet J5783.","Compatible HP 141 tri-color ink cartridge (CB337HE) for DeskJet D4263, D4363, OfficeJet J5783.",hp,ink-cartridges,460,FALSE,COMPATIBLE,"{""color"": ""Tri-color"", ""partNumber"": ""CB337HE"", ""compatiblePrinters"": ""DeskJet D4263, D4363, OfficeJet J5783""}",ACTIVE
HP-134-INK-COMP,خرطوشة حبر HP 134 ثلاثية الألوان متوافقة,HP 134 Tri-color Compatible Ink Cartridge,"خرطوشة حبر ثلاثية الألوان متوافقة HP 134 (C9363HE) للطابعات DeskJet 5740, 6540, 6840.","Compatible HP 134 tri-color ink cartridge (C9363HE) for DeskJet 5740, 6540, 6840.",hp,ink-cartridges,580,FALSE,COMPATIBLE,"{""color"": ""Tri-color"", ""partNumber"": ""C9363HE"", ""compatiblePrinters"": ""DeskJet 5740, 6540, 6840""}",ACTIVE
HP-135-INK-COMP,خرطوشة حبر HP 135 ثلاثية الألوان متوافقة,HP 135 Tri-color Compatible Ink Cartridge,"خرطوشة حبر ثلاثية الألوان متوافقة HP 135 (C8766HE) للطابعات DeskJet 5740, 5940, 6840.","Compatible HP 135 tri-color ink cartridge (C8766HE) for DeskJet 5740, 5940, 6840.",hp,ink-cartridges,580,FALSE,COMPATIBLE,"{""color"": ""Tri-color"", ""partNumber"": ""C8766HE"", ""compatiblePrinters"": ""DeskJet 5740, 5940, 6840""}",ACTIVE
HP-136-INK-COMP,خرطوشة حبر HP 136 ثلاثية الألوان متوافقة,HP 136 Tri-color Compatible Ink Cartridge,"خرطوشة حبر ثلاثية الألوان متوافقة HP 136 (C9361HE) للطابعات DeskJet 5440, D4163, Photosmart C3183.","Compatible HP 136 tri-color ink cartridge (C9361HE) for DeskJet 5440, D4163, Photosmart C3183.",hp,ink-cartridges,580,FALSE,COMPATIBLE,"{""color"": ""Tri-color"", ""partNumber"": ""C9361HE"", ""compatiblePrinters"": ""DeskJet 5440, D4163, Photosmart C3183""}",ACTIVE
CANON-PG510-CL511-SET-COMP,طقم حبر Canon PG-510 / CL-511 متوافق,Canon PG-510 / CL-511 Compatible Ink Cartridge Set,"طقم حبر Canon PG-510 وCL-511 للطابعات PIXMA MP240, MP250, MP260, MP270, MP280, MP480, MP490, MP495, MX320, MX330, MX340, MX350, MX360, MX410, MX420.","Compatible Canon PG-510 / CL-511 ink set for PIXMA MP240, MP250, MP260, MP270, MP480, MP490, MX320, MX330, MX340, MX350, MX360, MX410, MX420.",canon,ink-cartridges,1040,FALSE,COMPATIBLE,"{""colors"": ""Black + Tri-color"", ""partNumbers"": ""PG-510 / CL-511"", ""compatiblePrinters"": ""PIXMA MP240, MP250, MP260, MP280, MP480, MP490, MX320, MX330, MX340, MX350, MX360, MX410, MX420""}",ACTIVE
HP-47-SET-COMP,طقم حبر HP 47 متوافق,HP 47 Compatible Ink Cartridge Set,"طقم حبر HP 47 (أسود + ثلاثي الألوان) للطابعات DeskJet Ink Advantage 4120, 4170 وENVY 6010, 6020, 6030, 6055.","Compatible HP 47 ink set (Black + Tri-color) for DeskJet Ink Advantage 4120, 4170 and ENVY 6010, 6020, 6030, 6055.",hp,ink-cartridges,1210,FALSE,COMPATIBLE,"{""colors"": ""Black + Tri-color"", ""partNumbers"": ""3YM59AE / 3YM55AE"", ""compatiblePrinters"": ""DeskJet Ink Advantage 4120, 4170, ENVY 6010, 6020, 6030, 6055""}",ACTIVE
HP-45-INK-COMP,خرطوشة حبر HP 45 أسود متوافقة,HP 45 Black Compatible Ink Cartridge,"خرطوشة حبر أسود متوافقة HP 45 (51645AE) للطابعات DeskJet 850, 855, 870, 880, 890, 895, 930, 950, 970, 990.","Compatible HP 45 black ink cartridge (51645AE) for DeskJet 850, 855, 870, 880, 890, 895, 930, 950, 970, 990.",hp,ink-cartridges,1090,FALSE,COMPATIBLE,"{""color"": ""Black"", ""partNumber"": ""51645AE"", ""compatiblePrinters"": ""DeskJet 850, 855, 870, 880, 890, 895, 930, 950, 970, 990""}",ACTIVE
SAMSUNG-MLT-D205L-COMP,خرطوشة تونر Samsung MLT-D205L متوافقة,Samsung MLT-D205L Compatible Toner Cartridge,"تونر متوافق Samsung MLT-D205L للطابعات Samsung SCX-4833FR, ML-3310ND, ML-3710ND. إنتاجية حتى 5,000 صفحة.","Compatible Samsung MLT-D205L toner for Samsung SCX-4833FR, ML-3310ND, ML-3710ND. Up to 5,000 pages.",samsung,toner-cartridges,630,FALSE,COMPATIBLE,"{""pageYield"": ""5,000 pages"", ""color"": ""Black"", ""partNumber"": ""MLT-D205L"", ""compatiblePrinters"": ""Samsung SCX-4833FR, ML-3310ND, ML-3710ND""}",ACTIVE
SAMSUNG-MLT-D203L-COMP,خرطوشة تونر Samsung MLT-D203L متوافقة,Samsung MLT-D203L Compatible Toner Cartridge,"تونر متوافق Samsung MLT-D203L للطابعات Samsung ProXpress M3320ND, M3370FD, M3820DW, M4070FR. إنتاجية حتى 5,000 صفحة.","Compatible Samsung MLT-D203L toner for Samsung ProXpress M3320ND, M3370FD, M3820DW, M4070FR. Up to 5,000 pages.",samsung,toner-cartridges,660,FALSE,COMPATIBLE,"{""pageYield"": ""5,000 pages"", ""color"": ""Black"", ""partNumber"": ""MLT-D203L"", ""compatiblePrinters"": ""Samsung ProXpress M3320ND, M3370FD, M3820DW, M4070FR""}",ACTIVE
SAMSUNG-MLT-D305L-COMP,خرطوشة تونر Samsung MLT-D305L متوافقة,Samsung MLT-D305L Compatible Toner Cartridge,"تونر متوافق Samsung MLT-D305L للطابعات Samsung ML-3750ND. إنتاجية حتى 15,000 صفحة.","Compatible Samsung MLT-D305L toner for Samsung ML-3750ND. Up to 15,000 pages.",samsung,toner-cartridges,580,FALSE,COMPATIBLE,"{""pageYield"": ""15,000 pages"", ""color"": ""Black"", ""partNumber"": ""MLT-D305L"", ""compatiblePrinters"": ""Samsung ML-3750ND""}",ACTIVE
SAMSUNG-MLT-D111S-COMP,خرطوشة تونر Samsung MLT-D111S متوافقة,Samsung MLT-D111S Compatible Toner Cartridge,"تونر متوافق Samsung MLT-D111S للطابعات Samsung Xpress M2020, M2022, M2070, M2070FW. إنتاجية حتى 1,000 صفحة.","Compatible Samsung MLT-D111S toner for Samsung Xpress M2020, M2022, M2070, M2070FW. Up to 1,000 pages.",samsung,toner-cartridges,460,FALSE,COMPATIBLE,"{""pageYield"": ""1,000 pages"", ""color"": ""Black"", ""partNumber"": ""MLT-D111S"", ""compatiblePrinters"": ""Samsung Xpress M2020, M2022, M2070, M2070FW""}",ACTIVE
SAMSUNG-MLT-D101S-COMP,خرطوشة تونر Samsung MLT-D101S متوافقة,Samsung MLT-D101S Compatible Toner Cartridge,"تونر متوافق Samsung MLT-D101S للطابعات Samsung ML-2160, ML-2165, SCX-3400, SF-760. إنتاجية حتى 1,500 صفحة.","Compatible Samsung MLT-D101S toner for Samsung ML-2160, ML-2165, SCX-3400, SF-760. Up to 1,500 pages.",samsung,toner-cartridges,400,FALSE,COMPATIBLE,"{""pageYield"": ""1,500 pages"", ""color"": ""Black"", ""partNumber"": ""MLT-D101S"", ""compatiblePrinters"": ""Samsung ML-2160, ML-2165, SCX-3400, SF-760""}",ACTIVE
SAMSUNG-MLT-D104S-COMP,خرطوشة تونر Samsung MLT-D104S متوافقة,Samsung MLT-D104S Compatible Toner Cartridge,"تونر متوافق Samsung MLT-D104S للطابعات Samsung ML-1660, ML-1665, ML-1860, SCX-3200, SCX-3205. إنتاجية حتى 1,500 صفحة.","Compatible Samsung MLT-D104S toner for Samsung ML-1660, ML-1665, ML-1860, SCX-3200, SCX-3205. Up to 1,500 pages.",samsung,toner-cartridges,400,FALSE,COMPATIBLE,"{""pageYield"": ""1,500 pages"", ""color"": ""Black"", ""partNumber"": ""MLT-D104S"", ""compatiblePrinters"": ""Samsung ML-1660, ML-1665, ML-1860, SCX-3200, SCX-3205""}",ACTIVE
SAMSUNG-MLT-D201L-COMP,خرطوشة تونر Samsung MLT-D201L متوافقة,Samsung MLT-D201L Compatible Toner Cartridge,"تونر متوافق Samsung MLT-D201L للطابعات Samsung ProXpress SL-M4030ND, SL-M4080FX. إنتاجية حتى 20,000 صفحة.","Compatible Samsung MLT-D201L toner for Samsung ProXpress SL-M4030ND, SL-M4080FX. Up to 20,000 pages.",samsung,toner-cartridges,690,FALSE,COMPATIBLE,"{""pageYield"": ""20,000 pages"", ""color"": ""Black"", ""partNumber"": ""MLT-D201L"", ""compatiblePrinters"": ""Samsung ProXpress SL-M4030ND, SL-M4080FX""}",ACTIVE
BROTHER-TN3471-COMP,خرطوشة تونر Brother TN-3471 متوافقة,Brother TN-3471 Compatible Toner Cartridge,"تونر متوافق Brother TN-3471 للطابعات HL-L5100DN, HL-L5200DW, HL-L6200DW, DCP-L5500DN, MFC-L5700DN, MFC-L5900DW. إنتاجية حتى 12,000 صفحة.","Compatible Brother TN-3471 toner for HL-L5100DN, HL-L5200DW, HL-L6200DW, DCP-L5500DN, MFC-L5700DN, MFC-L5900DW. Up to 12,000 pages.",brother,toner-cartridges,580,FALSE,COMPATIBLE,"{""pageYield"": ""12,000 pages"", ""color"": ""Black"", ""partNumber"": ""TN-3471"", ""compatiblePrinters"": ""Brother HL-L5100DN, HL-L5200DW, DCP-L5500DN, MFC-L5700DN""}",ACTIVE
BROTHER-TN1000-COMP,خرطوشة تونر Brother TN-1000 متوافقة,Brother TN-1000 Compatible Toner Cartridge,"تونر متوافق Brother TN-1000 للطابعات HL-1110, HL-1112, HL-1210W, DCP-1510, DCP-1512, MFC-1810, MFC-1815. إنتاجية حتى 1,000 صفحة.","Compatible Brother TN-1000 toner for HL-1110, HL-1112, HL-1210W, DCP-1510, DCP-1512, MFC-1810, MFC-1815. Up to 1,000 pages.",brother,toner-cartridges,400,FALSE,COMPATIBLE,"{""pageYield"": ""1,000 pages"", ""color"": ""Black"", ""partNumber"": ""TN-1000"", ""compatiblePrinters"": ""Brother HL-1110, HL-1210W, DCP-1510, DCP-1512, MFC-1810, MFC-1815""}",ACTIVE
BROTHER-DR1000-DRUM-COMP,وحدة أسطوانة Brother DR-1000 متوافقة,Brother DR-1000 Compatible Drum Unit,"وحدة أسطوانة متوافقة Brother DR-1000 للطابعات HL-1110, HL-1210W, DCP-1510, MFC-1810. إنتاجية حتى 10,000 صفحة.","Compatible Brother DR-1000 drum unit for HL-1110, HL-1210W, DCP-1510, MFC-1810. Up to 10,000 pages.",brother,toner-cartridges,520,FALSE,COMPATIBLE,"{""pageYield"": ""10,000 pages"", ""type"": ""Drum Unit"", ""partNumber"": ""DR-1000"", ""compatiblePrinters"": ""Brother HL-1110, HL-1210W, DCP-1510, MFC-1810""}",ACTIVE
SAMSUNG-2305-COMP,خرطوشة تونر Samsung 2305 متوافقة,Samsung 2305 Compatible Toner Cartridge,"تونر متوافق Samsung 2305 للطابعات Samsung Xpress SL-M2305W. إنتاجية حتى 1,200 صفحة.","Compatible Samsung 2305 toner for Samsung Xpress SL-M2305W. Up to 1,200 pages.",samsung,toner-cartridges,750,FALSE,COMPATIBLE,"{""pageYield"": ""1,200 pages"", ""color"": ""Black"", ""compatiblePrinters"": ""Samsung Xpress SL-M2305W""}",ACTIVE
SAMSUNG-2320-COMP,خرطوشة تونر Samsung 2320 متوافقة,Samsung 2320 Compatible Toner Cartridge,"تونر متوافق Samsung 2320 للطابعات Samsung ML-2320, ML-2325. إنتاجية حتى 2,000 صفحة.","Compatible Samsung 2320 toner for Samsung ML-2320, ML-2325. Up to 2,000 pages.",samsung,toner-cartridges,860,FALSE,COMPATIBLE,"{""pageYield"": ""2,000 pages"", ""color"": ""Black"", ""compatiblePrinters"": ""Samsung ML-2320, ML-2325""}",ACTIVE
SAMSUNG-3330-COMP,خرطوشة تونر Samsung 3330 متوافقة,Samsung 3330 Compatible Toner Cartridge,"تونر متوافق Samsung 3330 للطابعات Samsung ProXpress SL-M3330ND. إنتاجية حتى 5,000 صفحة.","Compatible Samsung 3330 toner for Samsung ProXpress SL-M3330ND. Up to 5,000 pages.",samsung,toner-cartridges,800,FALSE,COMPATIBLE,"{""pageYield"": ""5,000 pages"", ""color"": ""Black"", ""compatiblePrinters"": ""Samsung ProXpress SL-M3330ND""}",ACTIVE
SAMSUNG-31-COMP,خرطوشة تونر Samsung 31 متوافقة,Samsung 31 Compatible Toner Cartridge,"تونر متوافق Samsung 31 للطابعات Samsung ML-3310, SL-M3310ND, SL-M3710. إنتاجية حتى 4,000 صفحة.","Compatible Samsung 31 toner for Samsung ML-3310, SL-M3310ND, SL-M3710. Up to 4,000 pages.",samsung,toner-cartridges,920,FALSE,COMPATIBLE,"{""pageYield"": ""4,000 pages"", ""color"": ""Black"", ""compatiblePrinters"": ""Samsung ML-3310, SL-M3310ND, SL-M3710""}",ACTIVE
SAMSUNG-MLT-D2405S-COMP,خرطوشة تونر Samsung MLT-D2405S متوافقة,Samsung MLT-D2405S Compatible Toner Cartridge,"تونر متوافق Samsung MLT-D2405S للطابعات Samsung ProXpress SL-M3825ND, SL-M4025ND. إنتاجية حتى 3,000 صفحة.","Compatible Samsung MLT-D2405S toner for Samsung ProXpress SL-M3825ND, SL-M4025ND. Up to 3,000 pages.",samsung,toner-cartridges,690,FALSE,COMPATIBLE,"{""pageYield"": ""3,000 pages"", ""color"": ""Black"", ""compatiblePrinters"": ""Samsung ProXpress SL-M3825ND, SL-M4025ND""}",ACTIVE
SAMSUNG-3280-COMP,خرطوشة تونر Samsung 3280 متوافقة,Samsung 3280 Compatible Toner Cartridge,"تونر متوافق Samsung 3280 للطابعات Samsung Xpress SL-M3280ND. إنتاجية حتى 5,000 صفحة.","Compatible Samsung 3280 toner for Samsung Xpress SL-M3280ND. Up to 5,000 pages.",samsung,toner-cartridges,1040,FALSE,COMPATIBLE,"{""pageYield"": ""5,000 pages"", ""color"": ""Black"", ""compatiblePrinters"": ""Samsung Xpress SL-M3280ND""}",ACTIVE
SAMSUNG-3215-COMP,خرطوشة تونر Samsung 3215 متوافقة,Samsung 3215 Compatible Toner Cartridge,"تونر متوافق Samsung 3215 للطابعات Samsung Xpress SL-M3215ND. إنتاجية حتى 3,000 صفحة.","Compatible Samsung 3215 toner for Samsung Xpress SL-M3215ND. Up to 3,000 pages.",samsung,toner-cartridges,690,FALSE,COMPATIBLE,"{""pageYield"": ""3,000 pages"", ""color"": ""Black"", ""compatiblePrinters"": ""Samsung Xpress SL-M3215ND""}",ACTIVE
PANTUM-PC219-COMP,خرطوشة تونر Pantum PC-219 متوافقة,Pantum PC-219 Compatible Toner Cartridge,"تونر متوافق Pantum PC-219 للطابعات Pantum P2509, P2509W, M6509, M6509NW, M6559, M6559NW, M6609, M6609NW. إنتاجية حتى 1,600 صفحة.","Compatible Pantum PC-219 toner for Pantum P2509, P2509W, M6509, M6509NW, M6559, M6559NW, M6609, M6609NW. Up to 1,600 pages.",pantum,toner-cartridges,860,FALSE,COMPATIBLE,"{""pageYield"": ""1,600 pages"", ""color"": ""Black"", ""partNumber"": ""PC-219"", ""compatiblePrinters"": ""Pantum P2509, M6509, M6559, M6609""}",ACTIVE
PANTUM-PA310-COMP,خرطوشة تونر Pantum PA-310 للطابعة P5100 متوافقة,Pantum PA-310 Compatible Toner for P5100 Series,"تونر متوافق Pantum للطابعات Pantum P5100, P3100, P3255, M7100, M7200. إنتاجية حتى 6,000 صفحة.","Compatible Pantum toner for Pantum P5100, P3100, P3255, M7100, M7200. Up to 6,000 pages.",pantum,toner-cartridges,920,FALSE,COMPATIBLE,"{""pageYield"": ""6,000 pages"", ""color"": ""Black"", ""partNumber"": ""PA-310"", ""compatiblePrinters"": ""Pantum P5100, P3100, P3255, M7100, M7200""}",ACTIVE
HP-P2055DN-PRINTER,طابعة HP LaserJet P2055dn,HP LaserJet P2055dn Printer,طابعة ليزر HP LaserJet P2055dn مونوكروم بطباعة مزدوجة تلقائية وشبكة مدمجة وسرعة حتى 35 صفحة في الدقيقة.,"HP LaserJet P2055dn mono laser printer with auto duplex, built-in networking, up to 35 ppm.",hp,printers,3800,FALSE,GENUINE,"{""type"": ""Mono Laser"", ""duplex"": true, ""network"": true, ""ppm"": 35, ""model"": ""P2055dn""}",ACTIVE
HP-M506DN-PRINTER,طابعة HP LaserJet Enterprise M506dn,HP LaserJet Enterprise M506dn,طابعة ليزر HP LaserJet Enterprise M506dn مونوكروم، طباعة مزدوجة وشبكة، سرعة حتى 45 صفحة في الدقيقة.,"HP LaserJet Enterprise M506dn mono laser, auto duplex, network, up to 45 ppm.",hp,printers,5250,FALSE,GENUINE,"{""type"": ""Mono Laser"", ""duplex"": true, ""network"": true, ""ppm"": 45, ""model"": ""M506dn""}",ACTIVE
HP-50145DN-PRINTER,طابعة HP LaserJet 50145 DN,HP LaserJet 50145 DN,طابعة ليزر HP مونوكروم بطباعة مزدوجة وشبكة مدمجة (موديل 50145 DN كما في عرض السعر).,HP mono laser printer with duplex and built-in network (50145 DN model as listed by supplier).,hp,printers,5550,FALSE,GENUINE,"{""type"": ""Mono Laser"", ""duplex"": true, ""network"": true, ""model"": ""50145 DN""}",ACTIVE
HP-M507DN-PRINTER,طابعة HP LaserJet Enterprise M507dn,HP LaserJet Enterprise M507dn,طابعة ليزر HP LaserJet Enterprise M507dn مونوكروم، طباعة مزدوجة وشبكة، سرعة حتى 45 صفحة في الدقيقة.,"HP LaserJet Enterprise M507dn mono laser, auto duplex, network, up to 45 ppm.",hp,printers,5500,FALSE,GENUINE,"{""type"": ""Mono Laser"", ""duplex"": true, ""network"": true, ""ppm"": 45, ""model"": ""M507dn""}",ACTIVE
HP-M402DN-PRINTER,طابعة HP LaserJet Pro M402dn,HP LaserJet Pro M402dn,طابعة ليزر HP LaserJet Pro M402dn مونوكروم بطباعة مزدوجة تلقائية وشبكة، سرعة حتى 38 صفحة في الدقيقة.,"HP LaserJet Pro M402dn mono laser, auto duplex, network, up to 38 ppm.",hp,printers,6000,FALSE,GENUINE,"{""type"": ""Mono Laser"", ""duplex"": true, ""network"": true, ""ppm"": 38, ""model"": ""M402dn""}",ACTIVE
HP-M404DN-PRINTER,طابعة HP LaserJet Pro M404dn,HP LaserJet Pro M404dn,طابعة ليزر HP LaserJet Pro M404dn مونوكروم، طباعة مزدوجة تلقائية وشبكة، سرعة حتى 38 صفحة في الدقيقة.,"HP LaserJet Pro M404dn mono laser, auto duplex, network, up to 38 ppm.",hp,printers,6250,FALSE,GENUINE,"{""type"": ""Mono Laser"", ""duplex"": true, ""network"": true, ""ppm"": 38, ""model"": ""M404dn""}",ACTIVE
HP-M3015DN-PRINTER,طابعة HP LaserJet M3015dn,HP LaserJet M3015dn MFP,طابعة ليزر متعددة الوظائف HP LaserJet M3015dn مونوكروم بطباعة مزدوجة وشبكة.,HP LaserJet M3015dn mono laser multifunction printer with duplex and network.,hp,printers,4250,FALSE,GENUINE,"{""type"": ""Mono Laser MFP"", ""duplex"": true, ""network"": true, ""model"": ""M3015dn""}",ACTIVE
HP-M426FDN-PRINTER,طابعة HP LaserJet Pro MFP M426fdn,HP LaserJet Pro MFP M426fdn,طابعة ليزر متعددة الوظائف HP LaserJet Pro M426fdn (طباعة، نسخ، سكان، فاكس) مع طباعة مزدوجة وشبكة، سرعة 40 صفحة في الدقيقة.,"HP LaserJet Pro MFP M426fdn — print, copy, scan, fax, duplex, network, 40 ppm.",hp,printers,13000,FALSE,GENUINE,"{""type"": ""Mono Laser MFP"", ""duplex"": true, ""network"": true, ""fax"": true, ""ppm"": 40, ""model"": ""M426fdn""}",ACTIVE
HP-M428FDN-PRINTER,طابعة HP LaserJet Pro MFP M428fdn,HP LaserJet Pro MFP M428fdn,طابعة ليزر متعددة الوظائف HP LaserJet Pro M428fdn (طباعة، نسخ، سكان، فاكس) مع طباعة مزدوجة وشبكة، سرعة 38 صفحة في الدقيقة.,"HP LaserJet Pro MFP M428fdn — print, copy, scan, fax, duplex, network, 38 ppm.",hp,printers,13500,FALSE,GENUINE,"{""type"": ""Mono Laser MFP"", ""duplex"": true, ""network"": true, ""fax"": true, ""ppm"": 38, ""model"": ""M428fdn""}",ACTIVE
HP-P1102-PRINTER,طابعة HP LaserJet Pro P1102,HP LaserJet Pro P1102,طابعة ليزر HP LaserJet Pro P1102 مونوكروم، اتصال USB، سرعة حتى 19 صفحة في الدقيقة.,"HP LaserJet Pro P1102 mono laser printer, USB, up to 19 ppm.",hp,printers,3750,FALSE,GENUINE,"{""type"": ""Mono Laser"", ""ppm"": 19, ""model"": ""P1102""}",ACTIVE
HP-LJ1018-PRINTER,طابعة HP LaserJet 1018,HP LaserJet 1018,طابعة ليزر HP LaserJet 1018 مونوكروم، اتصال USB، سرعة حتى 12 صفحة في الدقيقة.,"HP LaserJet 1018 mono laser printer, USB, up to 12 ppm.",hp,printers,2750,FALSE,GENUINE,"{""type"": ""Mono Laser"", ""ppm"": 12, ""model"": ""LaserJet 1018""}",ACTIVE
HP-LJ1020-PRINTER,طابعة HP LaserJet 1020,HP LaserJet 1020,طابعة ليزر HP LaserJet 1020 مونوكروم، اتصال USB، سرعة حتى 14 صفحة في الدقيقة.,"HP LaserJet 1020 mono laser printer, USB, up to 14 ppm.",hp,printers,2750,FALSE,GENUINE,"{""type"": ""Mono Laser"", ""ppm"": 14, ""model"": ""LaserJet 1020""}",ACTIVE
HP-M1005-PRINTER,طابعة HP LaserJet M1005 MFP,HP LaserJet M1005 MFP,طابعة ليزر متعددة الوظائف HP LaserJet M1005 مونوكروم (طباعة، نسخ، سكان).,"HP LaserJet M1005 mono laser multifunction printer with print, copy and scan.",hp,printers,3500,FALSE,GENUINE,"{""type"": ""Mono Laser MFP"", ""model"": ""M1005""}",ACTIVE
HP-LJ6030-PRINTER,طابعة HP LaserJet 6030,HP LaserJet 6030,طابعة ليزر HP LaserJet 6030 مونوكروم.,HP LaserJet 6030 mono laser printer.,hp,printers,3600,FALSE,GENUINE,"{""type"": ""Mono Laser"", ""model"": ""LaserJet 6030""}",ACTIVE
HP-LJ6000-PRINTER,طابعة HP LaserJet 6000,HP LaserJet 6000,طابعة ليزر HP LaserJet 6000 مونوكروم.,HP LaserJet 6000 mono laser printer.,hp,printers,3500,FALSE,GENUINE,"{""type"": ""Mono Laser"", ""model"": ""LaserJet 6000""}",ACTIVE
HP-M605DN-PRINTER,طابعة HP LaserJet Enterprise M605dn,HP LaserJet Enterprise M605dn,طابعة ليزر HP LaserJet Enterprise M605dn مونوكروم، طباعة مزدوجة وشبكة، سرعة حتى 55 صفحة في الدقيقة.,"HP LaserJet Enterprise M605dn mono laser, duplex, network, up to 55 ppm.",hp,printers,4750,FALSE,GENUINE,"{""type"": ""Mono Laser"", ""duplex"": true, ""network"": true, ""ppm"": 55, ""model"": ""M605dn""}",ACTIVE
HP-M609DN-PRINTER,طابعة HP LaserJet Enterprise M609dn,HP LaserJet Enterprise M609dn,طابعة ليزر HP LaserJet Enterprise M609dn مونوكروم، طباعة مزدوجة وشبكة، سرعة حتى 71 صفحة في الدقيقة.,"HP LaserJet Enterprise M609dn mono laser, duplex, network, up to 71 ppm.",hp,printers,5600,FALSE,GENUINE,"{""type"": ""Mono Laser"", ""duplex"": true, ""network"": true, ""ppm"": 71, ""model"": ""M609dn""}",ACTIVE
HP-M607DN-PRINTER,طابعة HP LaserJet Enterprise M607dn,HP LaserJet Enterprise M607dn,طابعة ليزر HP LaserJet Enterprise M607dn مونوكروم، طباعة مزدوجة وشبكة، سرعة حتى 55 صفحة في الدقيقة.,"HP LaserJet Enterprise M607dn mono laser, duplex, network, up to 55 ppm.",hp,printers,5500,FALSE,GENUINE,"{""type"": ""Mono Laser"", ""duplex"": true, ""network"": true, ""ppm"": 55, ""model"": ""M607dn""}",ACTIVE
HP-M479-COLOR-PRINTER,طابعة HP Color LaserJet Pro MFP M479fdw,HP Color LaserJet Pro MFP M479fdw,طابعة ليزر ملونة متعددة الوظائف HP Color LaserJet Pro M479fdw مع Wi-Fi وطباعة مزدوجة وفاكس، سرعة حتى 28 صفحة في الدقيقة.,"HP Color LaserJet Pro MFP M479fdw — color, Wi-Fi, duplex, fax, up to 28 ppm.",hp,printers,13000,FALSE,GENUINE,"{""type"": ""Color Laser MFP"", ""duplex"": true, ""wifi"": true, ""network"": true, ""fax"": true, ""ppm"": 28, ""model"": ""M479fdw""}",ACTIVE
HP-M477FDW-PRINTER,طابعة HP Color LaserJet Pro MFP M477fdw,HP Color LaserJet Pro MFP M477fdw,طابعة ليزر ملونة متعددة الوظائف HP Color LaserJet Pro M477fdw مع Wi-Fi وطباعة مزدوجة وفاكس.,"HP Color LaserJet Pro MFP M477fdw — color, Wi-Fi, duplex, fax.",hp,printers,13000,FALSE,GENUINE,"{""type"": ""Color Laser MFP"", ""duplex"": true, ""wifi"": true, ""fax"": true, ""model"": ""M477fdw""}",ACTIVE
HP-M55040-COLOR-PRINTER,طابعة HP Color LaserJet Enterprise M55040,HP Color LaserJet Enterprise M55040,طابعة ليزر ملونة HP Color LaserJet Enterprise M55040 بطباعة مزدوجة وشبكة مدمجة (الموديل كما في عرض السعر).,HP Color LaserJet Enterprise M55040 color printer with duplex and network (model label as supplied).,hp,printers,8000,FALSE,GENUINE,"{""type"": ""Color Laser"", ""duplex"": true, ""network"": true, ""model"": ""M55040""}",ACTIVE
HP-M775-A3-COLOR-PRINTER,طابعة HP Color LaserJet Enterprise MFP M775 A3,HP Color LaserJet Enterprise MFP M775 (A3),طابعة ليزر ملونة متعددة الوظائف HP LaserJet Enterprise M775 حجم A3 (طباعة، نسخ، سكان) مع طباعة مزدوجة وشبكة.,HP Color LaserJet Enterprise MFP M775 — A3 color multifunction with duplex and network.,hp,printers,18000,FALSE,GENUINE,"{""type"": ""Color Laser MFP"", ""paperSize"": ""A3"", ""duplex"": true, ""network"": true, ""model"": ""M775""}",ACTIVE
HP-M725-A3-PRINTER,طابعة HP LaserJet Enterprise MFP M725 A3,HP LaserJet Enterprise MFP M725 (A3 Mono),طابعة ليزر متعددة الوظائف HP LaserJet Enterprise M725 حجم A3 مونوكروم (طباعة، نسخ، سكان) مع طباعة مزدوجة وشبكة.,HP LaserJet Enterprise MFP M725 — A3 mono multifunction with duplex and network.,hp,printers,17000,FALSE,GENUINE,"{""type"": ""Mono Laser MFP"", ""paperSize"": ""A3"", ""duplex"": true, ""network"": true, ""model"": ""M725""}",ACTIVE
HP-P2015-PRINTER,طابعة HP LaserJet P2015,HP LaserJet P2015,طابعة ليزر HP LaserJet P2015 مونوكروم، سرعة حتى 26 صفحة في الدقيقة.,"HP LaserJet P2015 mono laser printer, up to 26 ppm.",hp,printers,3250,FALSE,GENUINE,"{""type"": ""Mono Laser"", ""ppm"": 26, ""model"": ""P2015""}",ACTIVE
HP-LJ1320-PRINTER,طابعة HP LaserJet 1320,HP LaserJet 1320,طابعة ليزر HP LaserJet 1320 مونوكروم بطباعة مزدوجة تلقائية، سرعة حتى 22 صفحة في الدقيقة.,"HP LaserJet 1320 mono laser printer with auto duplex, up to 22 ppm.",hp,printers,3000,FALSE,GENUINE,"{""type"": ""Mono Laser"", ""duplex"": true, ""ppm"": 22, ""model"": ""LaserJet 1320""}",ACTIVE
HP-P2035-PRINTER,طابعة HP LaserJet Pro P2035,HP LaserJet Pro P2035,طابعة ليزر HP LaserJet Pro P2035 مونوكروم، USB، سرعة حتى 30 صفحة في الدقيقة.,"HP LaserJet Pro P2035 mono laser printer, USB, up to 30 ppm.",hp,printers,3500,FALSE,GENUINE,"{""type"": ""Mono Laser"", ""ppm"": 30, ""model"": ""P2035""}",ACTIVE
HP-LJ400-M401-PRINTER,طابعة HP LaserJet Pro 400 M401,HP LaserJet Pro 400 M401,طابعة ليزر HP LaserJet Pro 400 M401 مونوكروم، طباعة مزدوجة وشبكة، سرعة حتى 35 صفحة في الدقيقة.,"HP LaserJet Pro 400 M401 mono laser, duplex, network, up to 35 ppm.",hp,printers,4000,FALSE,GENUINE,"{""type"": ""Mono Laser"", ""duplex"": true, ""network"": true, ""ppm"": 35, ""model"": ""LaserJet Pro 400 M401""}",ACTIVE
HP-PRO-M401DN-PRINTER,طابعة HP LaserJet Pro M401dn,HP LaserJet Pro M401dn,طابعة ليزر HP LaserJet Pro M401dn مونوكروم، طباعة مزدوجة وشبكة، سرعة حتى 35 صفحة في الدقيقة.,"HP LaserJet Pro M401dn mono laser printer, duplex, network, up to 35 ppm.",hp,printers,5250,FALSE,GENUINE,"{""type"": ""Mono Laser"", ""duplex"": true, ""network"": true, ""ppm"": 35, ""model"": ""M401dn""}",ACTIVE
HP-M525-PRINTER,طابعة HP LaserJet Enterprise 500 MFP M525,HP LaserJet Enterprise 500 MFP M525,طابعة ليزر متعددة الوظائف HP LaserJet Enterprise 500 M525 مونوكروم بطباعة مزدوجة وشبكة.,HP LaserJet Enterprise 500 MFP M525 mono multifunction with duplex and network.,hp,printers,12500,FALSE,GENUINE,"{""type"": ""Mono Laser MFP"", ""duplex"": true, ""network"": true, ""model"": ""M525""}",ACTIVE
CANON-MF226DN-PRINTER,طابعة Canon imageCLASS MF226dn,Canon imageCLASS MF226dn,طابعة ليزر متعددة الوظائف Canon imageCLASS MF226dn مونوكروم مع طباعة مزدوجة وشبكة وفاكس.,"Canon imageCLASS MF226dn mono laser all-in-one with duplex, network and fax.",canon,printers,6000,FALSE,GENUINE,"{""type"": ""Mono Laser MFP"", ""duplex"": true, ""network"": true, ""fax"": true, ""model"": ""MF226dn""}",ACTIVE
CANON-LBP312DN-PRINTER,طابعة Canon imageCLASS LBP312dn,Canon imageCLASS LBP312dn,طابعة ليزر Canon imageCLASS LBP312dn مونوكروم بطباعة مزدوجة تلقائية وشبكة، سرعة حتى 38 صفحة في الدقيقة.,"Canon imageCLASS LBP312dn mono laser, auto duplex, network, up to 38 ppm.",canon,printers,4500,FALSE,GENUINE,"{""type"": ""Mono Laser"", ""duplex"": true, ""network"": true, ""ppm"": 38, ""model"": ""LBP312dn""}",ACTIVE
CANON-LBP253DW-PRINTER,طابعة Canon imageCLASS LBP253dw,Canon imageCLASS LBP253dw,طابعة ليزر Canon imageCLASS LBP253dw مونوكروم مع Wi-Fi وطباعة مزدوجة وشبكة، سرعة حتى 30 صفحة في الدقيقة.,"Canon imageCLASS LBP253dw mono laser with Wi-Fi, duplex, network, up to 30 ppm.",canon,printers,5250,FALSE,GENUINE,"{""type"": ""Mono Laser"", ""duplex"": true, ""wifi"": true, ""network"": true, ""ppm"": 30, ""model"": ""LBP253dw""}",ACTIVE
CANON-LBP214DW-PRINTER,طابعة Canon imageCLASS LBP214dw,Canon imageCLASS LBP214dw,طابعة ليزر Canon imageCLASS LBP214dw مونوكروم مع Wi-Fi وطباعة مزدوجة وشبكة.,"Canon imageCLASS LBP214dw mono laser with Wi-Fi, duplex, network.",canon,printers,4500,FALSE,GENUINE,"{""type"": ""Mono Laser"", ""duplex"": true, ""wifi"": true, ""network"": true, ""model"": ""LBP214dw""}",ACTIVE
SAMSUNG-SLM3753-PRINTER,طابعة Samsung ProXpress SL-M3753,Samsung ProXpress SL-M3753,طابعة ليزر Samsung ProXpress SL-M3753 مونوكروم بطباعة مزدوجة تلقائية وشبكة.,Samsung ProXpress SL-M3753 mono laser with auto duplex and network.,samsung,printers,3000,FALSE,GENUINE,"{""type"": ""Mono Laser"", ""duplex"": true, ""network"": true, ""model"": ""SL-M3753""}",ACTIVE
SAMSUNG-ML3710-PRINTER,طابعة Samsung ML-3710ND,Samsung ML-3710ND,طابعة ليزر Samsung ML-3710ND مونوكروم بطباعة مزدوجة وشبكة، سرعة حتى 35 صفحة في الدقيقة.,"Samsung ML-3710ND mono laser printer with duplex and network, up to 35 ppm.",samsung,printers,3000,FALSE,GENUINE,"{""type"": ""Mono Laser"", ""duplex"": true, ""network"": true, ""ppm"": 35, ""model"": ""ML-3710ND""}",ACTIVE
SAMSUNG-SLM4021ND-PRINTER,طابعة Samsung Xpress SL-M4021ND,Samsung Xpress SL-M4021ND,طابعة ليزر Samsung Xpress SL-M4021ND مونوكروم بطباعة مزدوجة وشبكة.,Samsung Xpress SL-M4021ND mono laser with duplex and network.,samsung,printers,3500,FALSE,GENUINE,"{""type"": ""Mono Laser"", ""duplex"": true, ""network"": true, ""model"": ""SL-M4021ND""}",ACTIVE
SAMSUNG-SLM4020ND-PRINTER,طابعة Samsung Xpress SL-M4020ND,Samsung Xpress SL-M4020ND,طابعة ليزر Samsung Xpress SL-M4020ND مونوكروم بطباعة مزدوجة وشبكة.,Samsung Xpress SL-M4020ND mono laser with duplex and network.,samsung,printers,3500,FALSE,GENUINE,"{""type"": ""Mono Laser"", ""duplex"": true, ""network"": true, ""model"": ""SL-M4020ND""}",ACTIVE
SAMSUNG-SLM3820DW-PRINTER,طابعة Samsung ProXpress SL-M3820DW,Samsung ProXpress SL-M3820DW,طابعة ليزر Samsung ProXpress SL-M3820DW مونوكروم مع Wi-Fi وطباعة مزدوجة وشبكة، سرعة حتى 38 صفحة في الدقيقة.,"Samsung ProXpress SL-M3820DW mono laser with Wi-Fi, duplex, network, up to 38 ppm.",samsung,printers,3500,FALSE,GENUINE,"{""type"": ""Mono Laser"", ""duplex"": true, ""wifi"": true, ""network"": true, ""ppm"": 38, ""model"": ""SL-M3820DW""}",ACTIVE
SAMSUNG-SLM3825DW-PRINTER,طابعة Samsung ProXpress SL-M3825DW,Samsung ProXpress SL-M3825DW,طابعة ليزر Samsung ProXpress SL-M3825DW مونوكروم مع Wi-Fi وطباعة مزدوجة وشبكة.,"Samsung ProXpress SL-M3825DW mono laser with Wi-Fi, duplex, network.",samsung,printers,3600,FALSE,GENUINE,"{""type"": ""Mono Laser"", ""duplex"": true, ""wifi"": true, ""network"": true, ""model"": ""SL-M3825DW""}",ACTIVE
HP-M577-COLOR-PRINTER,طابعة HP Color LaserJet Enterprise Flow MFP M577,HP Color LaserJet Enterprise Flow MFP M577,طابعة ليزر ملونة متعددة الوظائف HP Color LaserJet Enterprise Flow M577 مع طباعة مزدوجة وشبكة، إنتاجية عالية.,"HP Color LaserJet Enterprise Flow MFP M577 — color multifunction with duplex and network, high duty cycle.",hp,printers,12750,FALSE,GENUINE,"{""type"": ""Color Laser MFP"", ""duplex"": true, ""network"": true, ""model"": ""M577""}",ACTIVE
HP-M125-PRINTER,طابعة HP LaserJet Pro MFP M125,HP LaserJet Pro MFP M125,طابعة ليزر متعددة الوظائف HP LaserJet Pro M125 مونوكروم (طباعة، نسخ، سكان).,"HP LaserJet Pro MFP M125 mono laser multifunction with print, copy, scan.",hp,printers,7000,FALSE,GENUINE,"{""type"": ""Mono Laser MFP"", ""model"": ""M125""}",ACTIVE
HP-M127-PRINTER,طابعة HP LaserJet Pro MFP M127,HP LaserJet Pro MFP M127,طابعة ليزر متعددة الوظائف HP LaserJet Pro M127 مونوكروم مع شبكة وفاكس.,HP LaserJet Pro MFP M127 mono laser multifunction with network and fax.,hp,printers,9000,FALSE,GENUINE,"{""type"": ""Mono Laser MFP"", ""network"": true, ""fax"": true, ""model"": ""M127""}",ACTIVE
HP-M1132-PRINTER,طابعة HP LaserJet Pro MFP M1132,HP LaserJet Pro MFP M1132,طابعة ليزر متعددة الوظائف HP LaserJet Pro M1132 مونوكروم مع USB.,HP LaserJet Pro MFP M1132 mono laser multifunction with USB.,hp,printers,6500,FALSE,GENUINE,"{""type"": ""Mono Laser MFP"", ""model"": ""M1132""}",ACTIVE
CANON-LBP3010-PRINTER,طابعة Canon imageCLASS LBP3010,Canon imageCLASS LBP3010,طابعة ليزر Canon imageCLASS LBP3010 مونوكروم، اتصال USB، سرعة حتى 12 صفحة في الدقيقة.,"Canon imageCLASS LBP3010 mono laser printer, USB, up to 12 ppm.",canon,printers,7000,FALSE,GENUINE,"{""type"": ""Mono Laser"", ""ppm"": 12, ""model"": ""LBP3010""}",ACTIVE
HP-M521DN-PRINTER,طابعة HP LaserJet Enterprise MFP M521dn,HP LaserJet Enterprise MFP M521dn,طابعة ليزر متعددة الوظائف HP LaserJet Enterprise M521dn مونوكروم بطباعة مزدوجة وشبكة.,HP LaserJet Enterprise MFP M521dn mono multifunction with duplex and network.,hp,printers,13000,FALSE,GENUINE,"{""type"": ""Mono Laser MFP"", ""duplex"": true, ""network"": true, ""model"": ""M521dn""}",ACTIVE
HP-M52645-PRINTER,طابعة HP LaserJet 52645,HP LaserJet 52645,طابعة ليزر HP LaserJet مونوكروم متعددة الوظائف (الموديل 52645 كما في عرض السعر).,HP LaserJet 52645 mono multifunction (label as listed by supplier).,hp,printers,13000,FALSE,GENUINE,"{""type"": ""Mono Laser MFP"", ""model"": ""52645""}",ACTIVE
RICOH-SPC305DN-COLOR-PRINTER,طابعة Ricoh Aficio SP C305DN ملونة,Ricoh Aficio SP C305DN Color,طابعة ليزر ملونة Ricoh Aficio SP C305DN مع طباعة مزدوجة وشبكة، سرعة حتى 26 صفحة في الدقيقة.,"Ricoh Aficio SP C305DN color laser with duplex, network, up to 26 ppm.",ricoh,printers,9000,FALSE,GENUINE,"{""type"": ""Color Laser"", ""duplex"": true, ""network"": true, ""ppm"": 26, ""model"": ""SP C305DN""}",ACTIVE
RICOH-SP301-PRINTER,طابعة Ricoh SP 301,Ricoh SP 301,طابعة ليزر Ricoh SP 301 مونوكروم مع شبكة مدمجة.,Ricoh SP 301 mono laser printer with built-in network.,ricoh,printers,6500,FALSE,GENUINE,"{""type"": ""Mono Laser"", ""network"": true, ""model"": ""SP 301""}",ACTIVE
HP-LASER107W-PRINTER,طابعة HP Laser 107w,HP Laser 107w,طابعة ليزر HP Laser 107w مونوكروم مع Wi-Fi، سرعة حتى 21 صفحة في الدقيقة.,"HP Laser 107w mono laser printer with Wi-Fi, up to 21 ppm.",hp,printers,8750,FALSE,GENUINE,"{""type"": ""Mono Laser"", ""wifi"": true, ""ppm"": 21, ""model"": ""Laser 107w""}",ACTIVE
HP-LASERMFP130A-PRINTER,طابعة HP Laser MFP 130a,HP Laser MFP 130a,طابعة ليزر متعددة الوظائف HP Laser MFP 130a مونوكروم (طباعة، نسخ، سكان).,"HP Laser MFP 130a mono multifunction laser printer with print, copy, scan.",hp,printers,7000,FALSE,GENUINE,"{""type"": ""Mono Laser MFP"", ""model"": ""Laser MFP 130a""}",ACTIVE
HP-LASERMFP135A-PRINTER,طابعة HP Laser MFP 135a,HP Laser MFP 135a,طابعة ليزر متعددة الوظائف HP Laser MFP 135a مونوكروم (طباعة، نسخ، سكان).,"HP Laser MFP 135a mono multifunction laser printer with print, copy, scan.",hp,printers,10750,FALSE,GENUINE,"{""type"": ""Mono Laser MFP"", ""model"": ""Laser MFP 135a""}",ACTIVE
HP-LASERMFP137FNW-PRINTER,طابعة HP Laser MFP 137fnw,HP Laser MFP 137fnw,طابعة ليزر متعددة الوظائف HP Laser MFP 137fnw مونوكروم مع Wi-Fi وفاكس وشبكة.,"HP Laser MFP 137fnw mono multifunction with Wi-Fi, fax and network.",hp,printers,12750,FALSE,GENUINE,"{""type"": ""Mono Laser MFP"", ""wifi"": true, ""fax"": true, ""network"": true, ""model"": ""Laser MFP 137fnw""}",ACTIVE
